{"val/mu_loss":7.0086123585536e+13,"val/payoff":-1.736842155456543,"_timestamp":1.7526930696000347e+09,"epoch":16,"trainer/global_step":915,"train/mu_loss":7.1713740029952e+13,"_wandb":{"runtime":1275},"_runtime":1275,"_step":34}