{"epoch":0,"trainer/global_step":5,"_wandb":{"runtime":82},"_runtime":82,"_timestamp":1.7526916516780398e+09,"_step":0,"val/mu_loss":7.841188064205472e+18,"val/payoff":-1.736842155456543}