{"_timestamp":1.752691527279469e+09,"_step":0,"_wandb":{"runtime":81},"_runtime":81,"val/mu_loss":4.67691179696613e+18,"val/payoff":-1.736842155456543,"epoch":0,"trainer/global_step":5}